ObjectID,GlobalID,Surface temperature,Surface type,Shade,Tree density,CreationDate,x,y
102,705daf40-2f2c-4d5d-8ca9-dd084cc29bde,42.9,Bare earth,Partial shade,3,7/27/2026 15:19,-71.120944,42.405269
48,5a8572e5-3bff-4e66-82d6-f5534ee6d020,56,Turf grass,No shade,0,7/27/2026 15:14,-71.12062286,42.40634633
105,e3e08e8b-6dd1-43ff-84c6-4436e2280ec7,55.6,Turf grass,No shade,1,7/27/2026 15:19,-71.1209439,42.40555148
86,239e2aa7-7279-4664-b1fc-f1c80e857bf7,54.7,Impervious (light-colored),No shade,2,7/27/2026 15:17,-71.12084005,42.40568552
338,bd80151d-78e4-4670-8e80-202a5a54209e,54.3,Bare earth,No shade,1,7/27/2026 15:40,-71.12194675,42.40387044
198,19dc8231-923a-4c22-8a61-22a8d326b733,53.9,Impervious (dark-colored),No shade,1,7/27/2026 15:26,-71.11925767,42.40827337
266,1a65c5fa-6a21-4145-bd38-06788f6a6ce5,53.4,Impervious (dark-colored),No shade,2,7/27/2026 15:32,-71.11998992,42.40633435
73,93ccb1d1-af63-40c9-be74-098f09dadad1,53.2,Impervious (dark-colored),No shade,1,7/27/2026 15:16,-71.12073367,42.40582385
297,37112ef4-272e-4dd6-bcf6-f9221d1f8bd0,53.1,Impervious (dark-colored),No shade,0,7/27/2026 15:33,-71.11926991,42.40698812
181,3b8326df-e593-4bf9-8c02-7548e0783ca9,52.9,Impervious (dark-colored),No shade,0,7/27/2026 15:25,-71.11944839,42.40771011
210,58233750-81a6-4b0e-8bde-445cfff4c0a1,52.6,Impervious (dark-colored),No shade,0,7/27/2026 15:27,-71.11904845,42.40842089
242,fa20b3a1-6fda-406b-9365-bbdb63db1ec4,52.5,Impervious (dark-colored),Partial shade,1,7/27/2026 15:29,-71.1189116,42.40856755
125,3b2f4e59-a476-40c3-b1dc-e8d6eae0c24e,52.4,Impervious (dark-colored),No shade,0,7/27/2026 15:21,-71.11996627,42.40753249
262,17002176-3e99-442d-9c02-20bc4aceee3f,51.9,Impervious (dark-colored),No shade,0,7/27/2026 15:30,-71.11834713,42.40766367
256,269a2921-02ed-4951-b201-36eb91f153e6,51.7,Impervious (dark-colored),No shade,1,7/27/2026 15:30,-71.11915767,42.40701909
276,93b81f33-9edd-418c-8aea-f5ad304126d2,51.6,Impervious (dark-colored),No shade,0,7/27/2026 15:32,-71.11832966,42.40776161
97,485878cb-eee9-4555-88bb-21eebf2c6f4c,51.5,Bare earth,No shade,1,7/27/2026 15:19,-71.12091883,42.40552125
200,b2f3c346-d3d2-407e-a9be-961f7f77e127,51.5,Impervious (dark-colored),No shade,0,7/27/2026 15:26,-71.11938028,42.40833886
265,1e374db5-c58e-4b46-bec6-7b1f45938a6a,51.3,Turf grass,No shade,1,7/27/2026 15:32,-71.12012847,42.40615728
274,10fbd64b-969b-40af-8422-2e3ab840774a,50.9,Impervious (dark-colored),No shade,2,7/27/2026 15:32,-71.11869775,42.40746355
34,e28e2a76-0b2a-4d31-b1ab-ffb786c870df,50.7,Impervious (dark-colored),No shade,1,7/27/2026 15:12,-71.11992032,42.40625494
109,70fef9df-d712-4097-bd30-a06e99d44e41,50.6,Impervious (dark-colored),No shade,0,7/27/2026 15:19,-71.1209587,42.40538846
189,feeb2900-b07e-46ee-b5ed-a9b72f8ac542,50.2,Impervious (dark-colored),No shade,0,7/27/2026 15:25,-71.11932506,42.40817213
217,7252dc30-3f97-4747-b9b5-1b8102d701e6,50.1,Impervious (dark-colored),No shade,0,7/27/2026 15:27,-71.11848418,42.4078863
334,fe203e34-de46-495e-a869-16f87caec4e9,49.5,Impervious (dark-colored),No shade,0,7/27/2026 15:40,-71.12145799,42.40446742
151,878153c4-3991-49a1-a740-186d7abad6c0,49.4,Impervious (light-colored),No shade,0,7/27/2026 15:23,-71.11938542,42.40765312
190,e456f278-a60b-42ab-b558-5750e4d20f59,49.4,Impervious (dark-colored),No shade,1,7/27/2026 15:25,-71.1194042,42.40821765
127,af9f3f00-210b-4dee-93a1-4124545216eb,49.1,Impervious (light-colored),No shade,0,7/27/2026 15:21,-71.12109551,42.40519083
191,ca2a54a8-6546-4a53-9450-8fc19b82267d,49.1,Impervious (light-colored),No shade,0,7/27/2026 15:25,-71.11902373,42.40786928
213,3fa64da1-f4d6-4fc0-b008-c2755019f3fe,49.1,Impervious (dark-colored),No shade,1,7/27/2026 15:27,-71.11917356,42.40848102
321,a0ab4703-869c-4599-9dd8-389267f6ce41,49,Impervious (light-colored),No shade,1,7/27/2026 15:39,-71.11873602,42.40751422
208,f47d77ff-b967-4f25-bdd6-4789335dcea9,48.9,Impervious (light-colored),No shade,0,7/27/2026 15:27,-71.12146,42.404623
193,8f9a8088-8778-40aa-9a6b-7dd9aabe26b0,48.6,Impervious (dark-colored),No shade,0,7/27/2026 15:26,-71.11907386,42.4079381
243,6115d56d-5070-469f-b179-f3ab64216c5d,48.6,Impervious (dark-colored),No shade,0,7/27/2026 15:29,-71.11867664,42.40815733
287,e499c3f7-de38-4184-b3ca-393677857813,48.6,Impervious (light-colored),No shade,1,7/27/2026 15:32,-71.11905857,42.40791647
216,51351cf8-be63-4766-a0ff-4e46427e1df3,48.4,Impervious (dark-colored),No shade,0,7/27/2026 15:27,-71.11892033,42.40801584
230,740bb8e7-167a-409d-90af-eb6b19ffd86a,48.4,Impervious (dark-colored),No shade,0,7/27/2026 15:28,-71.11910893,42.4077231
309,67cbbcfe-24fd-494d-a9bd-f8cc667a1dd3,48.3,Impervious (dark-colored),No shade,1,7/27/2026 15:34,-71.11869874,42.4075217
335,b4b3efae-7481-4f11-9da5-a7d297ecf182,48.2,Impervious (dark-colored),No shade,0,7/27/2026 15:40,-71.12161894,42.40433675
204,5f825ef4-3e12-4d35-8b3d-17c6ada2bb13,47.9,Impervious (dark-colored),No shade,0,7/27/2026 15:26,-71.11875618,42.40781214
286,2dafd065-85b4-4b41-8847-2d5259ff8d86,47.9,Bare earth,No shade,1,7/27/2026 15:32,-71.11922297,42.40775278
138,6834bd87-e738-4074-b0b9-db31299874eb,47.8,Impervious (dark-colored),No shade,0,7/27/2026 15:22,-71.12131044,42.40489887
170,1f117546-1d07-4125-a915-e9b1f21ee491,47.8,Impervious (dark-colored),No shade,0,7/27/2026 15:25,-71.11946971,42.40806034
185,6b3559f0-4dfd-4c90-a602-c1451e653769,47.8,Impervious (dark-colored),No shade,0,7/27/2026 15:25,-71.11847866,42.40811377
296,85433e90-1530-46b6-be71-434162d78ba5,47.8,Impervious (dark-colored),No shade,0,7/27/2026 15:33,-71.11930942,42.40697395
207,19bea698-02fe-4b18-a261-1883edf48d77,47.7,Impervious (dark-colored),No shade,0,7/27/2026 15:27,-71.11864878,42.40786223
264,85318ac1-a339-43ba-a32a-63de17e5dbde,47.7,Turf grass,No shade,1,7/27/2026 15:30,-71.12184288,42.40377175
273,ba4dfb80-c74f-42e4-aa4d-c7dc94f1cbbe,47.7,Impervious (dark-colored),No shade,1,7/27/2026 15:32,-71.11898302,42.40762705
330,eda80375-e643-49da-88b2-358da7474471,47.5,Impervious (dark-colored),No shade,0,7/27/2026 15:40,-71.12106043,42.40504561
195,b6c2b067-6dda-4cbf-8e1d-8e3c12929a42,47.4,Impervious (dark-colored),No shade,3,7/27/2026 15:26,-71.1192271,42.40831286
232,92d32f6f-9b78-49c1-b49b-994972852167,47.2,Impervious (dark-colored),No shade,0,7/27/2026 15:28,-71.11892011,42.40807292
246,e3e86f92-9243-44ed-905e-556b50154a63,47.2,Impervious (dark-colored),No shade,0,7/27/2026 15:29,-71.12176447,42.40421886
332,0926f082-002b-4375-868f-88c8d0551a98,47.1,Impervious (dark-colored),No shade,0,7/27/2026 15:40,-71.12121632,42.40479727
300,933be038-2c9e-4e74-a6b5-69881438062b,47,Impervious (dark-colored),No shade,0,7/27/2026 15:33,-71.11908046,42.40768462
50,0af3a4fe-a374-4c82-a05c-8e01c82b7896,46.9,Turf grass,No shade,1,7/27/2026 15:14,-71.12067724,42.40636587
315,e549352b-8156-4d23-9c7e-9a80ffdc5c62,46.9,Impervious (light-colored),No shade,0,7/27/2026 15:39,-71.11944413,42.40648529
215,29adf2f1-6efd-4a4d-a049-387f94e21149,46.8,Impervious (dark-colored),No shade,0,7/27/2026 15:27,-71.12145965,42.40424432
122,d0b159bb-4a88-4303-839b-d088e6262674,46.7,Impervious (dark-colored),No shade,0,7/27/2026 15:20,-71.11907521,42.40716653
244,c9a7876d-1e76-4ad6-a36d-573b9514b9d1,46.6,Impervious (dark-colored),No shade,3,7/27/2026 15:29,-71.12188604,42.40410927
327,a6bbf8a8-4b72-48e8-b061-5cd83a21b1cf,46.6,Impervious (light-colored),No shade,0,7/27/2026 15:40,-71.12071997,42.40542941
304,18b7daae-d160-4102-88ae-5624233b212b,46.5,Impervious (dark-colored),No shade,0,7/27/2026 15:34,-71.11939652,42.40655076
147,cfa4da7e-b300-42aa-81b0-ae43492abcc4,46.2,Impervious (dark-colored),No shade,1,7/27/2026 15:23,-71.12128941,42.40488435
289,9a860c04-1c33-49ca-9559-5ce7f6064ce4,46.1,Impervious (light-colored),No shade,0,7/27/2026 15:32,-71.11864504,42.40818687
249,13291f5f-3b94-49be-82b5-0fd097d95ec5,45.9,Impervious (dark-colored),No shade,2,7/27/2026 15:29,-71.12201195,42.40394999
214,aa80b99d-3f5d-4d09-aa8a-38d41019c718,45.8,Bare earth,No shade,0,7/27/2026 15:27,-71.1185877,42.40786417
301,4f267c9a-8437-4585-bd58-a64c49eeef66,45.8,Bare earth,No shade,0,7/27/2026 15:34,-71.11856957,42.40798453
33,2bc3c2c3-f80c-40b3-b23c-84c3a5293107,45.7,Impervious (light-colored),No shade,1,7/27/2026 15:11,-71.12020892,42.40606472
322,a6063215-e495-4846-b1a7-9c4c9945a78a,45.6,Bare earth,No shade,0,7/27/2026 15:39,-71.11846077,42.40783218
336,6404483f-5a56-4fdf-8c10-3a399e760a0d,45.4,Bare earth,No shade,0,7/27/2026 15:40,-71.12173849,42.40414326
49,d5281617-ae31-433e-9820-9cb9b36f8c83,44.9,Impervious (light-colored),No shade,2,7/27/2026 15:14,-71.12053222,42.40621716
124,644601c0-d507-4e19-9a60-4cd9e8e154f7,44.8,Impervious (light-colored),No shade,1,7/27/2026 15:21,-71.12105778,42.40522346
194,7b0afdd5-7153-4db6-8de2-cc4a13dd7ae4,44.8,Turf grass,No shade,5,7/27/2026 15:26,-71.12125709,42.40441972
294,482ef716-7566-42f3-917f-8e5dfa7fa246,44.8,Impervious (light-colored),No shade,2,7/27/2026 15:33,-71.11949002,42.40662297
121,87238217-383d-41b1-a3ad-ee59a746c153,44.7,Impervious (light-colored),No shade,0,7/27/2026 15:20,-71.12106036,42.40521833
123,5fde5d2c-b941-4268-95c2-32e7877488ed,44.6,Impervious (dark-colored),No shade,0,7/27/2026 15:20,-71.11985089,42.40747653
145,88e43639-9552-462b-b635-420743866ef6,44.6,Impervious (light-colored),No shade,0,7/27/2026 15:23,-71.12094012,42.40484547
153,6930498e-4773-4556-bdf1-a323408ce4ce,44.6,Impervious (light-colored),No shade,1,7/27/2026 15:24,-71.12138369,42.40473127
149,8a4cbdf8-187c-4e3b-92cd-b65116ea0943,44.4,Turf grass,No shade,1,7/27/2026 15:23,-71.12140407,42.40472084
129,52610b73-a614-4c23-ac76-112c5143661e,44.2,Impervious (light-colored),Partial shade,2,7/27/2026 15:21,-71.12116884,42.40507989
260,683914e8-5954-46cc-9036-daf8e50d042a,44.2,Impervious (dark-colored),No shade,0,7/27/2026 15:30,-71.11854336,42.40790172
59,1f760c3a-5afd-40af-bd1f-7c43b32e3066,44.1,Impervious (light-colored),No shade,3,7/27/2026 15:15,-71.1196235,42.40654242
79,87e426e9-5286-4eb0-9594-7693f366f8e2,44,Impervious (light-colored),No shade,0,7/27/2026 15:16,-71.11952582,42.40651097
293,8077ba46-df54-4010-9b8d-794d272229a1,43.8,Impervious (light-colored),No shade,1,7/27/2026 15:33,-71.11959061,42.40656597
136,f58a1292-4ec5-485e-a23b-1e4183ad37de,43.7,Impervious (light-colored),No shade,0,7/27/2026 15:22,-71.12135132,42.40487656
182,54a6bcde-1904-4a28-8424-d84a5ad42da5,43.6,Impervious (dark-colored),No shade,1,7/27/2026 15:25,-71.11928516,42.40786747
211,cdde5f65-38fb-4120-9ad0-92ce3066d3fe,43.6,Impervious (light-colored),No shade,3,7/27/2026 15:27,-71.1216418,42.40442509
275,f191db32-ba10-4303-856d-84bb9a26b153,43.6,Impervious (dark-colored),No shade,0,7/27/2026 15:32,-71.1184996,42.40769563
221,ceab1fe2-1b73-4db1-b1af-e2b3aeb106e0,43.5,Bare earth,No shade,0,7/27/2026 15:27,-71.1201053,42.40646924
310,4d241433-cb66-4848-b68c-a0bca0a1167a,43.5,Bare earth,No shade,0,7/27/2026 15:34,-71.11847517,42.40780294
32,ff4b4edb-1476-4378-8ace-0d912ab8cb42,43.2,Impervious (light-colored),No shade,0,7/27/2026 15:11,-71.12026549,42.4060217
91,106ebfad-054f-4c59-92ca-f9b14c77631c,43,Impervious (light-colored),No shade,0,7/27/2026 15:18,-71.11941255,42.40668121
157,0e91b0d3-e76f-47af-a8ab-d8133fd9947a,43,Turf grass,No shade,0,7/27/2026 15:24,-71.1195892,42.40782186
93,8118dc90-293a-44fc-a56a-8e54aa3bf235,42.9,Turf grass,Partial shade,4,7/27/2026 15:18,-71.12085343,42.40573244
38,45038c11-a045-4495-a133-e6c7fb426cd3,42.8,Impervious (light-colored),No shade,2,7/27/2026 15:13,-71.11980344,42.40642581
47,38d45923-19fb-4b3b-b0e7-0002e36e73b1,42.7,Impervious (light-colored),No shade,1,7/27/2026 15:14,-71.11897292,42.40690232
237,721051fc-0a7f-4181-9971-a1f10268c705,42.2,Impervious (dark-colored),No shade,0,7/27/2026 15:28,-71.1188954,42.40857374
81,b906539f-671f-470d-b44f-3091cb44ebd4,42.1,Impervious (light-colored),No shade,0,7/27/2026 15:17,-71.11948177,42.40646953
292,f990ad4b-10f0-4b15-a8dd-1550bc75e331,42.1,Impervious (light-colored),No shade,0,7/27/2026 15:33,-71.1197879,42.40635881
253,d0ace7d4-72da-48de-912d-dc1cdc83bdf8,41.9,Impervious (light-colored),No shade,0,7/27/2026 15:30,-71.1194588,42.40656553
106,4c31d90f-e4cf-4208-8e1a-4ebc7fbef7ce,41.8,Impervious (light-colored),No shade,0,7/27/2026 15:19,-71.12053109,42.4056605
209,cfe2123b-a104-44ee-a114-ac620e6af187,41.3,Impervious (light-colored),No shade,0,7/27/2026 15:27,-71.11910945,42.40839407
72,55678643-caad-4096-8edb-f9b979985367,41.2,Impervious (light-colored),No shade,0,7/27/2026 15:16,-71.1206105,42.40581861
43,438adece-3695-4364-a569-312a5516aa9d,41.1,Impervious (light-colored),No shade,0,7/27/2026 15:14,-71.12041983,42.40611651
150,e8507211-e8c7-4d3f-bdca-7182130082ec,41.1,Bare earth,No shade,1,7/27/2026 15:23,-71.11961939,42.40785635
84,8676ff06-1739-4a93-ba4f-989aa2a4ad10,40.7,Impervious (light-colored),No shade,1,7/27/2026 15:17,-71.12074132,42.40569366
254,cd876bd3-55d8-4912-8aba-ffa1821e8993,40.7,Impervious (light-colored),No shade,2,7/27/2026 15:30,-71.1193692,42.40669931
75,1bc220ca-d356-4172-9a7a-963d546723ff,40.5,Impervious (light-colored),No shade,0,7/27/2026 15:16,-71.120925,42.405433
176,d9d35682-a75d-4863-ae5f-509ee7477962,40.2,Bare earth,Partial shade,1,7/27/2026 15:25,-71.12006022,42.40682408
45,03a68b35-4cd5-4a3c-8e7e-4addf76e4a11,40.1,Turf grass,No shade,0,7/27/2026 15:14,-71.12056303,42.40631063
233,1316467d-879c-4920-8610-03affa6a7bd4,39.9,Impervious (light-colored),No shade,0,7/27/2026 15:28,-71.11839268,42.40816721
326,c0a206c2-2592-4f9d-a599-9e7101dac835,39.9,Impervious (light-colored),No shade,0,7/27/2026 15:40,-71.12053872,42.40567718
235,1ce3d7f3-2b8a-4619-a3d3-d9cbcda354c8,39.7,Impervious (dark-colored),Partial shade,1,7/27/2026 15:28,-71.11928524,42.40840565
96,77ba48d0-e352-40ca-92a4-40bc32c01eaf,39.5,Impervious (light-colored),No shade,0,7/27/2026 15:18,-71.1208221,42.40552461
162,223e6925-8d2c-47d6-a001-96fb52908e54,39.2,Impervious (light-colored),No shade,0,7/27/2026 15:24,-71.12110248,42.40469974
259,1b54753c-ca44-49ce-a9da-2624a82ceda5,39.2,Impervious (dark-colored),No shade,1,7/27/2026 15:30,-71.11877422,42.40756788
197,d2256ed0-92c1-4a87-9cc0-f0ed1e2cb874,38.9,Impervious (light-colored),No shade,0,7/27/2026 15:26,-71.11918071,42.40830205
323,dbdad54a-6f82-4a72-b3fe-84ea13493349,38.7,Impervious (light-colored),No shade,1,7/27/2026 15:40,-71.12029282,42.40605518
98,285d6fbd-c173-4fc6-9db2-a2cbb9f64a20,38.6,Turf grass,No shade,1,7/27/2026 15:19,-71.12001706,42.40708756
82,5725750f-cb79-4c73-b4cb-5490eff1e729,38.1,Turf grass,No shade,1,7/27/2026 15:17,-71.12035241,42.4068749
166,b9d90230-3a88-4440-9a3b-550499a61be2,38,Turf grass,No shade,2,7/27/2026 15:24,-71.11967931,42.40795605
140,587ad3dc-6dcf-44d8-98cf-22943372bb0a,37.7,Impervious (light-colored),Partial shade,1,7/27/2026 15:23,-71.121185,42.404826
331,a4ca410a-e2f7-434a-8181-c32c421ed32f,37.7,Impervious (dark-colored),Partial shade,0,7/27/2026 15:40,-71.12106935,42.40492178
222,eda8d888-2fff-406c-ae16-56ff0fef795f,37.5,Bare earth,No shade,0,7/27/2026 15:27,-71.12004852,42.40664004
245,b930aace-d85a-4e37-aa3c-cd608f932318,37.5,Turf grass,Complete shade,0,7/27/2026 15:29,-71.121758,42.403672
305,16bb0ebe-6219-4b7b-8942-83e0559f951a,37.5,Impervious (light-colored),Partial shade,0,7/27/2026 15:34,-71.11924763,42.40673435
41,b5cbf436-ac97-4f56-88b8-fba934c03080,37.4,Turf grass,No shade,0,7/27/2026 15:13,-71.1199375,42.40606782
83,efec03e0-0436-4e95-a741-daf35b143523,37.4,Impervious (light-colored),No shade,2,7/27/2026 15:17,-71.11952577,42.40675265
236,a190385a-5f7e-466a-8459-463b065fd750,37.4,Turf grass,No shade,0,7/27/2026 15:28,-71.12156168,42.40430958
173,e14d917f-5a7b-43e1-8081-756392a87363,37.3,Turf grass,No shade,3,7/27/2026 15:25,-71.12029447,42.40620931
318,f5ce0124-4b37-4f0b-9a4d-3882a4d2647b,37,Turf grass,No shade,1,7/27/2026 15:39,-71.11910036,42.40701137
333,4ac3182f-8a22-4750-8caa-d03baa4b6501,37,Impervious (dark-colored),No shade,0,7/27/2026 15:40,-71.12135625,42.4046485
154,8c562db2-1f29-4771-9f9a-fe8be0f03a87,36.9,Impervious (light-colored),No shade,0,7/27/2026 15:24,-71.12109065,42.40496373
174,f332b25b-5d97-404f-922f-962d5a3b97ff,36.9,Turf grass,No shade,0,7/27/2026 15:25,-71.1202185,42.40638253
267,eabfa8eb-727e-43ce-a92c-890e30ebbe2c,36.9,Turf grass,No shade,4,7/27/2026 15:32,-71.11982406,42.40646992
220,025525ca-da96-4b6b-92a8-0f77a5664833,36.6,Bare earth,Partial shade,1,7/27/2026 15:27,-71.12018307,42.40634008
231,97b736e5-ea64-4b9d-8578-671d7d42eb70,36.6,Bare earth,No shade,0,7/27/2026 15:28,-71.11899497,42.40800532
290,76ce0c4a-3881-4551-b4c0-f61f798514e2,36.6,Turf grass,No shade,0,7/27/2026 15:33,-71.11997873,42.40608076
279,55d023c6-9ede-4909-9af2-0b50cc9495cd,36.5,Turf grass,No shade,1,7/27/2026 15:32,-71.12028763,42.40654246
130,723e2b0e-976c-47b4-91b3-80ac7bcc8c08,36.2,Impervious (dark-colored),No shade,0,7/27/2026 15:21,-71.1191073,42.40713967
58,0c479f3c-201c-43f3-ba91-330864e48cdb,36.1,Impervious (light-colored),No shade,2,7/27/2026 15:15,-71.12057769,42.40597748
60,1c1fc216-9f2f-497d-bed3-47d24061b87c,36,Turf grass,Partial shade,3,7/27/2026 15:15,-71.1205866,42.4059596
219,bbefcf5d-0289-4663-bfc0-7447d8c7d5dc,35.9,Bare earth,No shade,0,7/27/2026 15:27,-71.11998662,42.40631161
65,7ac94961-fec2-4ab4-ad06-6fe7c993e6c3,35.7,Turf grass,No shade,6,7/27/2026 15:15,-71.12071776,42.40585393
261,0ed22648-a463-4255-8a32-fa9be5575ebe,35.6,Impervious (dark-colored),Partial shade,1,7/27/2026 15:30,-71.12202241,42.40393949
302,70152bc2-6474-4a5f-aafe-a2a3d3fb16e4,35.5,Turf grass,No shade,1,7/27/2026 15:34,-71.11978663,42.40600829
165,a4b852c7-a402-4a5e-8b91-0249335bff9a,35.3,Turf grass,No shade,0,7/27/2026 15:24,-71.11886542,42.40737481
325,95215660-5612-4029-99c5-4f21024c28bb,35.3,Impervious (light-colored),No shade,0,7/27/2026 15:40,-71.1204392,42.405787
37,3c8d9eb9-70d7-418d-8ba1-3071cb0e3c14,35.1,Turf grass,Partial shade,1,7/27/2026 15:13,-71.12024379,42.40599726
183,290791df-9444-4250-b76e-e9e22797beb0,35.1,Impervious (light-colored),No shade,1,7/27/2026 15:25,-71.11906705,42.40800804
199,80d2a816-6060-4043-8c6a-32ba2e433fac,35.1,Impervious (light-colored),No shade,1,7/27/2026 15:26,-71.12159007,42.40448871
108,d1532eff-7d14-451d-885e-fb0b87bdb770,35,Turf grass,Partial shade,2,7/27/2026 15:19,-71.12087449,42.40513606
131,3487c543-dbd6-4884-b4a9-127781a943d2,35,Impervious (light-colored),Partial shade,1,7/27/2026 15:22,-71.12117439,42.40505076
172,dbc00408-6e5a-4287-b115-1b70dc5edc90,35,Turf grass,Partial shade,1,7/27/2026 15:25,-71.12030484,42.40621178
76,4341276e-505b-4f86-ae60-8dd36ebd03a8,34.9,Turf grass,No shade,1,7/27/2026 15:16,-71.12025391,42.40671638
148,3080ca1a-2530-4e2b-94ae-bb09b515c061,34.9,Turf grass,No shade,0,7/27/2026 15:23,-71.11957889,42.4077858
111,831cda5b-1530-44e7-a079-5694c8a39dcf,34.7,Bare earth,Partial shade,1,7/27/2026 15:20,-71.12100138,42.40538606
175,4aa6b9fb-7eaf-49e7-a088-d41aba443c6a,34.5,Turf grass,No shade,1,7/27/2026 15:25,-71.12012454,42.40666882
40,7cd9a91d-7b2a-497e-b007-9eaf6f365392,34.1,Turf grass,No shade,0,7/27/2026 15:13,-71.11989573,42.40608595
74,9258b3a4-150c-449f-8c89-925f8ec10b64,34.1,Turf grass,No shade,1,7/27/2026 15:16,-71.1205887,42.40651919
171,8635efe7-650b-4a9c-a918-921cb7ad5961,34.1,Turf grass,No shade,1,7/27/2026 15:25,-71.11874147,42.40690708
306,8d69e2dc-1e59-4d0b-9c17-003b025352ba,34.1,Turf grass,No shade,0,7/27/2026 15:34,-71.11908143,42.4069639
110,55111dc6-b55b-4f82-89f5-e48ccbc2290b,34,Turf grass,Partial shade,1,7/27/2026 15:19,-71.11925193,42.40679613
135,e852c58f-3584-47ba-9da5-bfa23dd78d58,34,Turf grass,No shade,1,7/27/2026 15:22,-71.11914459,42.40720947
35,43c44c00-6e66-4730-bddf-80498db988b1,33.8,Turf grass,No shade,0,7/27/2026 15:12,-71.12049107,42.40633791
61,8cb2ffbf-6d39-41ca-ad1f-99d1f0a86c90,33.6,Turf grass,No shade,1,7/27/2026 15:15,-71.11984001,42.40643604
251,c33bc250-4e2c-414c-9fe2-0eec174a4837,33.6,Turf grass,No shade,1,7/27/2026 15:30,-71.11972484,42.40622072
52,3fbc1571-b932-444b-942a-db173706eca2,33.5,Turf grass,No shade,1,7/27/2026 15:14,-71.11976398,42.40619554
152,40901d1e-c060-436e-8b89-fbfec99c3491,33.5,Turf grass,No shade,0,7/27/2026 15:23,-71.11981407,42.40778276
324,22979a63-5769-4802-b2d8-85f9dd48164c,33.5,Impervious (light-colored),Partial shade,1,7/27/2026 15:40,-71.12030917,42.405967
202,ae03cb2c-4bbf-4fad-9808-6054c1deb7c9,33.3,Impervious (dark-colored),Partial shade,0,7/27/2026 15:26,-71.11852044,42.40731378
137,9c21c9b8-bd15-4abb-b69e-43decfcf3856,33.2,Turf grass,No shade,1,7/27/2026 15:22,-71.11976894,42.40765796
187,70f24460-e4e1-429e-80b7-55887a603beb,33.1,Turf grass,No shade,0,7/27/2026 15:25,-71.11870838,42.40749843
285,0f73be64-94b9-4731-b19c-a84cb5736d55,33.1,Turf grass,No shade,1,7/27/2026 15:32,-71.11935386,42.40758871
144,cfbed04c-a513-421b-9987-c32f8fcc642b,33,Impervious (light-colored),Partial shade,1,7/27/2026 15:23,-71.12139317,42.40481723
78,7178daa8-1b6c-48fb-bcfa-4d1811d7a590,32.9,Turf grass,No shade,1,7/27/2026 15:16,-71.12015815,42.40669553
94,b981270e-f8b1-4526-8583-b53e48f34e0b,32.8,Turf grass,Partial shade,2,7/27/2026 15:18,-71.12022774,42.40703221
62,07e38119-96ca-4417-a7fa-554414b81641,32.6,Turf grass,Partial shade,1,7/27/2026 15:15,-71.12027834,42.40654247
271,18a0f7ec-ac76-4605-b8b4-074bf039f64a,32.6,Turf grass,No shade,3,7/27/2026 15:32,-71.11924703,42.40721585
299,f889f312-6d94-44fa-be8e-581cd4223bdd,32.6,Turf grass,No shade,0,7/27/2026 15:33,-71.11900984,42.40740375
116,622404aa-6520-4363-a09b-4bf25c3529d9,32.4,Turf grass,No shade,0,7/27/2026 15:20,-71.12059908,42.40673764
263,6532c1be-c04b-41b2-9801-10311c673b7e,32.3,Turf grass,No shade,1,7/27/2026 15:30,-71.12182398,42.40379787
159,e070fd79-99b7-4d86-915b-9830ee245601,32.1,Turf grass,No shade,1,7/27/2026 15:24,-71.11946022,42.40797889
278,8647b5c4-7e4f-4cc3-89ec-75581a5bcbfc,32.1,Impervious (dark-colored),Partial shade,3,7/27/2026 15:32,-71.12038408,42.40640721
66,ad2fffd3-0d59-4834-bf5d-452c43093fba,31.9,Turf grass,No shade,1,7/27/2026 15:15,-71.11960644,42.40632831
229,8a707d82-31bd-4f12-8258-9d0937ec1ead,31.9,Impervious (dark-colored),Partial shade,3,7/27/2026 15:28,-71.11912786,42.4076452
284,b5ccf80f-adfb-4222-8e7f-e1a453538ed9,31.8,Turf grass,No shade,1,7/27/2026 15:32,-71.11950308,42.40741743
282,8e4964e2-5c27-46d8-8983-3a5737917dfe,31.7,Turf grass,Partial shade,2,7/27/2026 15:32,-71.11983117,42.40699708
143,30044f0b-4957-4841-ac09-fc2e6d9fe0fe,31.6,Impervious (dark-colored),Partial shade,0,7/27/2026 15:23,-71.11907395,42.40722788
120,63215fc7-26cf-4cec-8048-b597390f999d,31.5,Impervious (light-colored),Partial shade,1,7/27/2026 15:20,-71.12091893,42.40498181
161,a109252d-e0b7-4f70-a93a-9b3daa697865,31.5,Turf grass,No shade,2,7/27/2026 15:24,-71.11959473,42.40802472
337,169e8e81-66b3-42f9-8369-c91e642ad4e7,31.4,Bare earth,No shade,1,7/27/2026 15:40,-71.12188885,42.40396926
186,c6546494-54ea-4200-bc2a-6736af80d7cf,31.3,Impervious (light-colored),Partial shade,1,7/27/2026 15:25,-71.12149408,42.40451121
31,abfde5ff-7d3e-4601-8c32-8a442bd5958e,31.2,Turf grass,No shade,0,7/27/2026 15:10,-71.11980901,42.40600281
280,97dc2045-38a2-4720-9264-c4358a6b10a0,30.9,Turf grass,No shade,1,7/27/2026 15:32,-71.12027183,42.40651713
77,9813db93-e7f6-4c43-ba02-937699bbddbb,30.6,Turf grass,Complete shade,2,7/27/2026 15:16,-71.12026217,42.40685618
100,e9630cfd-e005-4cd4-a1a3-e00dd5566e78,30.6,Impervious (light-colored),Partial shade,3,7/27/2026 15:19,-71.11945207,42.40683722
313,01f516fd-8c06-4610-afd4-2306971a59ed,30.4,Turf grass,No shade,2,7/27/2026 15:39,-71.11979017,42.40601831
227,4c61e4d6-a76a-4447-98ef-4c5c4b5cc985,30.3,Bare earth,No shade,0,7/27/2026 15:28,-71.11956021,42.40731233
240,d3a094dc-66fa-4956-b1bc-94bd66dfb2e9,30.2,Turf grass,No shade,2,7/27/2026 15:28,-71.12192879,42.40401384
241,0dc58faf-839f-4730-a287-410ccdd4da6a,30.2,Bare earth,Partial shade,2,7/27/2026 15:29,-71.11893517,42.40855584
44,4fd97807-5003-416f-9076-455f74485f5a,30.1,Impervious (dark-colored),Complete shade,0,7/27/2026 15:14,-71.12040685,42.40641593
113,ea698f82-ea3e-4e6b-9b24-b2e6d986566e,29.9,Impervious (dark-colored),Partial shade,2,7/27/2026 15:20,-71.11989551,42.40733918
142,5b583aae-2df8-4fe2-84b8-f1ab64275ca8,29.8,Turf grass,No shade,0,7/27/2026 15:23,-71.11917579,42.4073925
160,f808bfd3-6dc9-44a7-be75-5db33280a4bd,29.7,Impervious (light-colored),Complete shade,2,7/27/2026 15:24,-71.12151916,42.40455449
206,67ab3a27-6a46-4825-842a-5b535e0c163f,29.6,Bare earth,Partial shade,0,7/27/2026 15:27,-71.11890446,42.40804476
99,e1230563-3b2e-4173-8aaf-62f03a2f6b56,29.3,Turf grass,Partial shade,0,7/27/2026 15:19,-71.12018303,42.40708611
257,268fe749-6266-4f17-8a4a-7e8bff1ed37d,29,Turf grass,No shade,0,7/27/2026 15:30,-71.11901182,42.40721214
88,f47e8515-d6fa-4183-92c2-3cd20c34ae2c,28.7,Turf grass,Partial shade,0,7/27/2026 15:17,-71.120572,42.40651244
226,ead1009c-d35b-4c44-9d85-f17382b8d9ad,28.5,Bare earth,Partial shade,1,7/27/2026 15:28,-71.11956331,42.40729031
115,fbb85982-ef47-480f-ba3a-a2f3c9223d91,28.1,Impervious (light-colored),Partial shade,2,7/27/2026 15:20,-71.121045,42.405219
55,6cc7e98b-6851-48c1-9eb0-3a2aa0d40061,27.9,Turf grass,Partial shade,2,7/27/2026 15:15,-71.12049997,42.40650458
118,a0bdd3ca-a828-41e1-92d4-b8e234e7f5f8,27.8,Impervious (dark-colored),Partial shade,0,7/27/2026 15:20,-71.11924814,42.40697649
85,55fd369b-f2cf-45ea-a577-c960ead4aace,27.5,Impervious (dark-colored),Partial shade,0,7/27/2026 15:17,-71.12074789,42.40531331
239,e1acdbfb-7c03-4f38-aafd-0ccef7a3d4eb,26.5,Impervious (dark-colored),Partial shade,1,7/27/2026 15:28,-71.1188262,42.40853448
56,00337dc1-f41f-49ee-b401-b9d51df65324,26.3,Turf grass,Partial shade,1,7/27/2026 15:15,-71.11893014,42.40689621
328,ba78c4fd-f22f-4605-b8b9-b2aaa807409d,26.2,Impervious (light-colored),Partial shade,0,7/27/2026 15:40,-71.12082563,42.40531794
291,60b70d88-7a83-4bf3-bc57-e97d57730810,25.7,Impervious (dark-colored),Complete shade,3,7/27/2026 15:33,-71.11997919,42.40607351
104,1cfa8a08-717e-438f-a18b-b111a8194108,25.5,Turf grass,Complete shade,3,7/27/2026 15:19,-71.1201244,42.40723058
307,33a94d1e-932e-44d6-8bc3-bcfa4ba8d367,25.5,Impervious (dark-colored),Partial shade,1,7/27/2026 15:34,-71.11894324,42.40715291
277,e766184f-6170-4b18-824c-bfd980fbb699,25.4,Turf grass,Partial shade,1,7/27/2026 15:32,-71.12054355,42.40645792
42,ed229985-6eb8-42d7-8dfe-dd947e04946d,24.9,Impervious (dark-colored),Complete shade,2,7/27/2026 15:14,-71.12039745,42.40639202
228,6285bc42-5915-4bda-9613-21afcfcaf4f4,24.9,Bare earth,No shade,0,7/27/2026 15:28,-71.11916757,42.407604
89,95b96d9f-658f-4223-941c-bb1df90a31a5,24.8,Turf grass,Partial shade,2,7/27/2026 15:18,-71.12001825,42.40687264
103,2a723d78-9f75-49c5-ab3d-3cd8d0710774,24.7,Turf grass,Partial shade,1.5,7/27/2026 15:19,-71.11988221,42.40705838
114,e9900e1a-aa39-4766-8d83-68abd9822ea1,24.6,Impervious (light-colored),Complete shade,2,7/27/2026 15:20,-71.1199424,42.40729509
224,4cbc92ed-d98e-48ce-8f7c-720f57c4c15f,24.5,Bare earth,Partial shade,0,7/27/2026 15:27,-71.11981491,42.40696375
317,274754ae-c9c6-4425-908b-a8464a4cdaca,24.5,Impervious (dark-colored),Partial shade,1,7/27/2026 15:39,-71.11928111,42.40682798
80,c43a0de6-b857-4c37-8601-e6d106248a8d,24.4,Bare earth,Complete shade,7,7/27/2026 15:17,-71.12068379,42.40585724
119,0fb79a97-4830-40ab-825e-48ecc6e9ee61,24.4,Turf grass,Partial shade,1,7/27/2026 15:20,-71.12020525,42.40733109
163,356dd48d-c5d2-485a-a324-fbc690a980b3,24.4,Impervious (dark-colored),Complete shade,1,7/27/2026 15:24,-71.1190626,42.40711769
36,dc0fedbd-331e-4d51-b3c9-0fd5c612a1a3,24.3,Impervious (dark-colored),Complete shade,2,7/27/2026 15:13,-71.12020343,42.40599139
234,448cc5b5-52dc-432e-858a-fd5e694eda5d,24.3,Impervious (light-colored),Complete shade,3,7/27/2026 15:28,-71.12176276,42.40424855
270,b94f6484-c3ea-4278-84c2-412b6219c46c,24.3,Impervious (dark-colored),Complete shade,0,7/27/2026 15:32,-71.11946153,42.40706797
329,ae7e13a4-e21b-40f5-ab9d-0e23d6ab18b9,24.1,Impervious (light-colored),Complete shade,1,7/27/2026 15:40,-71.12099981,42.40519199
192,cb5b3689-d3d7-427f-a26c-ce1f39c8ba33,24,Turf grass,Partial shade,1,7/27/2026 15:26,-71.11948535,42.40817854
268,d7f7c5b0-8a90-47e9-8578-8ee19ef8d33f,24,Turf grass,Partial shade,2,7/27/2026 15:32,-71.11975363,42.4067168
67,79ebab0e-18d8-412c-94e3-5e6f24826111,23.9,Turf grass,Partial shade,3,7/27/2026 15:15,-71.12037054,42.40656192
53,b19f8031-438a-4dd5-ae0b-54ba4100b36b,23.8,Impervious (dark-colored),Complete shade,1,7/27/2026 15:14,-71.12045769,42.40575896
46,86fdf08c-28c6-44d0-bd64-7a7d8ff84f06,23.6,Impervious (light-colored),Partial shade,2,7/27/2026 15:14,-71.120373,42.406024
126,1532c9db-27a3-407f-91f6-a83609676083,23.6,Turf grass,Partial shade,0,7/27/2026 15:21,-71.11996847,42.40718523
255,5e54a67f-b1c6-43b0-a412-9ec627c47089,23.5,Impervious (dark-colored),Partial shade,1,7/27/2026 15:30,-71.11926733,42.40686339
252,73e5a14f-0795-4407-8dae-0a2cd58de50f,23.2,Impervious (light-colored),Partial shade,3,7/27/2026 15:30,-71.11960799,42.40637587
112,e1fa873a-b940-4f49-bc80-8ada33a8c822,23,Turf grass,Complete shade,3,7/27/2026 15:20,-71.12103952,42.40540658
167,c8f4871e-50a1-4e60-a7c4-d49c75a4505a,23,Turf grass,Partial shade,1,7/27/2026 15:24,-71.1190494,42.40723592
218,b030f997-5773-4d90-95ce-774854cc2d31,23,Impervious (light-colored),Complete shade,1,7/27/2026 15:27,-71.12164344,42.40436469
64,a6674dc7-81b8-46b8-87a2-734d32551111,22.9,Impervious (light-colored),Complete shade,0,7/27/2026 15:15,-71.12038784,42.4057981
269,42e86e1b-2d8c-4ef3-9c6d-e71cb9013ae7,22.9,Turf grass,Partial shade,2,7/27/2026 15:32,-71.11963227,42.40690977
101,f4077916-63af-4ab8-a8a7-c8e8761252e1,22.8,Impervious (light-colored),Partial shade,3,7/27/2026 15:19,-71.11933259,42.4069136
316,14d3b223-91fb-4587-a1b7-89c5cdd07282,22.7,Impervious (light-colored),Complete shade,1,7/27/2026 15:39,-71.1195174,42.4065826
196,a9b9a7e5-5643-4c77-a25c-f15936939000,22.6,Impervious (light-colored),Partial shade,2,7/27/2026 15:26,-71.12146,42.404623
314,b0618755-f4f5-489e-a388-b12bed3b1477,22.6,Bare earth,Partial shade,1,7/27/2026 15:39,-71.11962022,42.40627028
92,7130d069-dd89-4c20-ba6d-619d95d9f0e3,22.4,Impervious (light-colored),Partial shade,2,7/27/2026 15:18,-71.11934454,42.40663871
54,2dd37979-e3c2-4b54-9919-3b9b3d7b799a,22.3,Turf grass,Partial shade,1,7/27/2026 15:14,-71.12047964,42.40644248
95,761aa58b-4690-4425-9af3-788fe0c305bb,22.2,Turf grass,Complete shade,1,7/27/2026 15:18,-71.11937456,42.40683539
212,f88b95ea-6e03-420a-b778-fdaf459490a9,22,Turf grass,Partial shade,2,7/27/2026 15:27,-71.12169307,42.40432219
281,e7f9e871-531e-46f0-90a8-a6ebfb4c1e3e,21.8,Turf grass,Complete shade,3,7/27/2026 15:32,-71.11999177,42.40690383
283,7cfc904c-ee3a-49a5-ad73-332bdcc68765,21.7,Turf grass,Partial shade,2,7/27/2026 15:32,-71.11966695,42.40725801
107,6aadee78-d602-48be-a99b-4b66d6e53eaf,21.3,Turf grass,Complete shade,3,7/27/2026 15:19,-71.12078545,42.40528946
87,489b4b27-8a01-48c3-9073-3c6023422f29,21,Turf grass,Complete shade,1,7/27/2026 15:17,-71.12012757,42.40690343
179,e8ed2141-0ad0-453f-9806-0b8ea62732f4,21,Turf grass,Partial shade,1,7/27/2026 15:25,-71.11976042,42.4073447
295,e34865b3-f596-4dcd-8fad-c30e81548d55,21,Turf grass,Complete shade,0,7/27/2026 15:33,-71.11942771,42.40686389
51,0bc91534-bb6d-4d76-80bd-93cc37d427c8,20.9,Turf grass,Complete shade,1,7/27/2026 15:14,-71.11979578,42.40622101
69,7841314d-d4fd-439a-9fe4-7452bb23cb6a,20.9,Turf grass,Complete shade,2,7/27/2026 15:15,-71.11961251,42.40632487
70,ad7cef30-a6a5-4a7b-b5ce-7194eb79520f,20.9,Turf grass,Partial shade,3,7/27/2026 15:16,-71.12049915,42.40669719
201,54ca7e74-88d3-4299-9a14-bfe8fe2fc472,20.9,Turf grass,Complete shade,3,7/27/2026 15:26,-71.12167296,42.40431264
68,3816adf2-67e2-4eb0-85e8-c74032013748,20.8,Turf grass,Complete shade,5,7/27/2026 15:15,-71.1203705,42.40667364
132,17184770-9761-4154-8086-dea64cfe4d91,20.8,Turf grass,Partial shade,1,7/27/2026 15:22,-71.11995401,42.40718468
90,16a50239-0ac1-4dcf-845b-e5bf5b3dc4ae,20.7,Turf grass,Complete shade,2,7/27/2026 15:18,-71.12011888,42.40702209
155,8f8d362a-f5ea-44f8-8fc6-5e7dbb89b902,20.7,Turf grass,Partial shade,5,7/27/2026 15:24,-71.12141305,42.40474977
177,1d0acec3-2e72-425c-b475-c62ee36e3400,20.7,Turf grass,Complete shade,2,7/27/2026 15:25,-71.11992447,42.40699978
203,1d3601af-0b70-4142-8bb2-040a62e6f4f2,20.7,Turf grass,Partial shade,0,7/27/2026 15:26,-71.11897582,42.40798473
188,251a2d65-ea3a-49d2-804b-5c2ec4b20e65,20.6,Turf grass,Complete shade,2,7/27/2026 15:25,-71.12164868,42.40425829
39,d3161dab-4120-4e98-b6a5-09b1046c3613,20.5,Turf grass,Complete shade,0,7/27/2026 15:13,-71.12041354,42.4063427
223,dabd315c-8dfb-4b8c-a2b8-8ef1f9e9d9c4,20.5,Bare earth,Partial shade,0,7/27/2026 15:27,-71.1199477,42.40680034
250,a837d7ff-2801-4305-a0d6-b443831af3d9,20.5,Turf grass,Complete shade,0,7/27/2026 15:30,-71.11984915,42.4060424
133,8f69a565-2591-4e39-9a4c-7078b3954fd3,20.4,Turf grass,Complete shade,1,7/27/2026 15:22,-71.11957703,42.40745342
141,41bea75e-01b0-46b5-a122-69fd51c516b5,20.4,Impervious (dark-colored),Complete shade,0,7/27/2026 15:23,-71.1189674,42.40734821
71,1ae7401a-43de-41d1-841a-4905c061b4a4,20.3,Turf grass,Complete shade,3,7/27/2026 15:16,-71.12070296,42.40653166
178,ffba7dd7-bdb0-44de-96b6-cfb04b7ca357,20.3,Impervious (dark-colored),Complete shade,2,7/27/2026 15:25,-71.11992166,42.40717512
57,210580bb-93fb-4172-8bd2-a3d095cf21d7,20.1,Turf grass,Partial shade,2,7/27/2026 15:15,-71.12063528,42.40654256
303,989727a0-f7eb-4e8a-9f54-00651daf2f8b,20.1,Turf grass,Partial shade,1,7/27/2026 15:34,-71.11965586,42.40619752
134,37b12de5-ff19-4f95-89ef-24de67441178,20,Turf grass,Partial shade,3,7/27/2026 15:22,-71.11974042,42.40753698
312,3307753f-83fd-4bd9-9d6c-008a291b0f63,19.7,Turf grass,Partial shade,1,7/27/2026 15:39,-71.11897111,42.4071323
139,a1bfee90-dba7-43ce-8b7e-92124f9f0640,19.6,Turf grass,No shade,1,7/27/2026 15:22,-71.11983612,42.40767542
225,6f847156-bb47-414f-942c-ac68db8639e7,19.6,Bare earth,Complete shade,2,7/27/2026 15:27,-71.1196919,42.40710386
117,f7a0de1d-76b3-4a16-ad86-45a09d1c5565,19.5,Turf grass,Partial shade,1,7/27/2026 15:20,-71.12017821,42.40732017
128,1da45926-f034-4b50-a994-4afdc3fd492a,19.5,Turf grass,Complete shade,2,7/27/2026 15:21,-71.11972287,42.40725661
158,dfca9c08-63cd-42be-8ed2-1ddacf32f861,19.5,Bare earth,Complete shade,0,7/27/2026 15:24,-71.11943218,42.40794896
248,68968cdc-0647-4329-b4dc-898ab156555c,19.5,Turf grass,Complete shade,2,7/27/2026 15:29,-71.12204603,42.40398476
156,b4c09501-f218-4c81-bacb-e8cf3ef92525,19.2,Turf grass,Partial shade,2,7/27/2026 15:24,-71.11975021,42.40756427
180,56e2a64b-8022-4786-a693-2d810f78f279,19.1,Impervious (dark-colored),Partial shade,2,7/27/2026 15:25,-71.11960737,42.40754347
205,6528406e-2008-4b2e-95f7-6f2f4a34da34,19.1,Turf grass,Complete shade,5,7/27/2026 15:27,-71.12131707,42.40438848
184,9655c4a7-f467-4464-911a-bd59c7dd17aa,19,Turf grass,Partial shade,1,7/27/2026 15:25,-71.11874652,42.40799089
298,9e551538-2772-40e3-9c4c-a5508109e19a,19,Turf grass,Partial shade,1,7/27/2026 15:33,-71.11913821,42.40721132
168,e78cfd83-457f-4386-953e-24d65c1dd3e5,18.9,Bare earth,Complete shade,9,7/27/2026 15:25,-71.121134,42.404941
63,e117aa47-073c-4403-901f-1b80ffb8ca39,18.6,Turf grass,Complete shade,1,7/27/2026 15:15,-71.12070218,42.40651293
247,36e63fa9-6e87-4c06-bdd9-e15ca88ef11b,18.6,Turf grass,Complete shade,3,7/27/2026 15:29,-71.12176908,42.40386715
169,9150b61d-df3e-4147-bdbf-bfefaccbeaf5,18.5,Bare earth,Complete shade,1,7/27/2026 15:25,-71.11930495,42.40782838
272,75e0ad93-1392-4fae-af25-97037344e441,18.4,Turf grass,Complete shade,1,7/27/2026 15:32,-71.11913216,42.40743466
319,1fa0db72-3c58-4ee2-9961-6d8f8064dcdf,18.4,Turf grass,Partial shade,1,7/27/2026 15:39,-71.11890445,42.40719754
238,2548c110-b5fd-4cb8-988b-a348b9f6fbc5,18,Turf grass,Complete shade,0,7/27/2026 15:28,-71.12163142,42.4040974
288,14297fe0-5ec5-41d4-931c-56551c66b299,17.9,Turf grass,Complete shade,1,7/27/2026 15:32,-71.11889724,42.40804079
308,d449b561-0aae-46ef-9ec1-4ef5159fc5b1,17.8,Turf grass,Complete shade,1,7/27/2026 15:34,-71.11883718,42.40734805
320,201fed8d-747b-489a-b7ed-f6b8e98d4cd1,17.8,Impervious (dark-colored),Partial shade,1,7/27/2026 15:39,-71.11884027,42.40739607
164,f3a21c79-0e63-43f3-8918-d122fad86ead,17.5,Turf grass,Complete shade,1,7/27/2026 15:24,-71.11897562,42.40724582
258,dccfaef1-1e61-4690-bd54-d32f2511cb5d,17.5,Turf grass,Partial shade,1,7/27/2026 15:30,-71.11889252,42.40739187
